{"prefix": {"roocs": "urn:roocs:", "provone": "http://purl.dataone.org/provone/2015/01/15/ontology#", "dcterms": "http://purl.org/dc/terms/"}, "agent": {"roocs:C3S_CDS": {"prov:type": {"$": "prov:Organization", "type": "prov:QUALIFIED_NAME"}, "prov:label": "Copernicus Climate Data Store", "dcterms:source": "https://cds.climate.copernicus.eu"}, "roocs:rook_v0.13.0": {"prov:type": {"$": "prov:SoftwareAgent", "type": "prov:QUALIFIED_NAME"}, "prov:label": "Rook", "dcterms:source": "https://github.com/roocs/rook/releases/tag/v0.13.0"}, "roocs:daops_v0.10.0": {"prov:type": {"$": "prov:SoftwareAgent", "type": "prov:QUALIFIED_NAME"}, "prov:label": "DAOPS", "dcterms:source": "https://github.com/roocs/daops/releases/tag/v0.10.0"}}, "wasAttributedTo": {"_:id1": {"prov:entity": "roocs:rook_v0.13.0", "prov:agent": "roocs:C3S_CDS"}}, "entity": {"roocs:workflow_80dad2e0-a39a-40f2-bafa-c7602fb98115": {"prov:type": {"$": "provone:Workflow", "type": "prov:QUALIFIED_NAME"}}, "roocs:c3s-cmip6.CMIP.MOHC.UKESM1-0-LL.historical.r1i1p1f2.day.tas.gn.v20190627": {"prov:type": {"$": "provone:Data", "type": "prov:QUALIFIED_NAME"}, "prov:label": "c3s-cmip6.CMIP.MOHC.UKESM1-0-LL.historical.r1i1p1f2.day.tas.gn.v20190627"}, "roocs:tas_day_UKESM1-0-LL_historical_r14i1p1f2_gn_20000101-20141230.nc": {"prov:type": {"$": "provone:Data", "type": "prov:QUALIFIED_NAME"}, "prov:label": "tas_day_UKESM1-0-LL_historical_r14i1p1f2_gn_20000101-20141230.nc"}, "roocs:tas_day_UKESM1-0-LL_historical_r1i1p1f2_gn_20000101-20141230.nc": {"prov:type": {"$": "provone:Data", "type": "prov:QUALIFIED_NAME"}, "prov:label": "tas_day_UKESM1-0-LL_historical_r1i1p1f2_gn_20000101-20141230.nc"}}, "activity": {"roocs:orchestrate_80dad2e0-a39a-40f2-bafa-c7602fb98115": {"prov:type": {"$": "provone:Execution", "type": "prov:QUALIFIED_NAME"}, "prov:label": "orchestrate", "prov:startTime": "2024-05-07T15:53:13", "prov:endTime": "2024-05-07T15:54:13"}, "roocs:subset_tas_1_3efad013-6d29-4be4-a5a6-b45d7afe30b6": {"prov:type": {"$": "provone:Execution", "type": "prov:QUALIFIED_NAME"}, "prov:label": "subset_tas_1", "roocs:time": "2000/2014", "roocs:time_components": "year:2000,2001,2002,2003,2004,2005,2006,2007,2008,2009,2010,2011,2012,2013,2014", "roocs:area": "-59,-35,-53,-30", "roocs:apply_fixes": false}}, "wasAssociatedWith": {"_:id2": {"prov:activity": "roocs:orchestrate_80dad2e0-a39a-40f2-bafa-c7602fb98115", "prov:agent": "roocs:rook_v0.13.0", "prov:plan": "roocs:workflow_80dad2e0-a39a-40f2-bafa-c7602fb98115"}, "_:id3": {"prov:activity": "roocs:subset_tas_1_3efad013-6d29-4be4-a5a6-b45d7afe30b6", "prov:agent": "roocs:daops_v0.10.0", "prov:plan": "roocs:workflow_80dad2e0-a39a-40f2-bafa-c7602fb98115"}}, "wasDerivedFrom": {"_:id4": {"prov:generatedEntity": "roocs:tas_day_UKESM1-0-LL_historical_r14i1p1f2_gn_20000101-20141230.nc", "prov:usedEntity": "roocs:c3s-cmip6.CMIP.MOHC.UKESM1-0-LL.historical.r1i1p1f2.day.tas.gn.v20190627", "prov:activity": "roocs:subset_tas_1_3efad013-6d29-4be4-a5a6-b45d7afe30b6"}, "_:id5": {"prov:generatedEntity": "roocs:tas_day_UKESM1-0-LL_historical_r1i1p1f2_gn_20000101-20141230.nc", "prov:usedEntity": "roocs:c3s-cmip6.CMIP.MOHC.UKESM1-0-LL.historical.r1i1p1f2.day.tas.gn.v20190627", "prov:activity": "roocs:subset_tas_1_3efad013-6d29-4be4-a5a6-b45d7afe30b6"}}}