{"prefix": {"roocs": "urn:roocs:", "provone": "http://purl.dataone.org/provone/2015/01/15/ontology#", "dcterms": "http://purl.org/dc/terms/"}, "agent": {"roocs:C3S_CDS": {"prov:type": {"$": "prov:Organization", "type": "prov:QUALIFIED_NAME"}, "prov:label": "Copernicus Climate Data Store", "dcterms:source": "https://cds.climate.copernicus.eu"}, "roocs:rook_v0.13.0": {"prov:type": {"$": "prov:SoftwareAgent", "type": "prov:QUALIFIED_NAME"}, "prov:label": "Rook", "dcterms:source": "https://github.com/roocs/rook/releases/tag/v0.13.0"}, "roocs:daops_v0.10.0": {"prov:type": {"$": "prov:SoftwareAgent", "type": "prov:QUALIFIED_NAME"}, "prov:label": "DAOPS", "dcterms:source": "https://github.com/roocs/daops/releases/tag/v0.10.0"}}, "wasAttributedTo": {"_:id1": {"prov:entity": "roocs:rook_v0.13.0", "prov:agent": "roocs:C3S_CDS"}}, "entity": {"roocs:workflow_a6575512-40b5-43fc-b34c-74b30b853c10": {"prov:type": {"$": "provone:Workflow", "type": "prov:QUALIFIED_NAME"}}, "roocs:c3s-cmip6.CMIP.MOHC.UKESM1-0-LL.historical.r1i1p1f2.Amon.rsdt.gn.v20190406": {"prov:type": {"$": "provone:Data", "type": "prov:QUALIFIED_NAME"}, "prov:label": "c3s-cmip6.CMIP.MOHC.UKESM1-0-LL.historical.r1i1p1f2.Amon.rsdt.gn.v20190406"}, "roocs:rsdt_Amon_UKESM1-0-LL_historical_r1i1p1f2_gn_20000116-20141216.nc": {"prov:type": {"$": "provone:Data", "type": "prov:QUALIFIED_NAME"}, "prov:label": "rsdt_Amon_UKESM1-0-LL_historical_r1i1p1f2_gn_20000116-20141216.nc"}}, "activity": {"roocs:orchestrate_a6575512-40b5-43fc-b34c-74b30b853c10": {"prov:type": {"$": "provone:Execution", "type": "prov:QUALIFIED_NAME"}, "prov:label": "orchestrate", "prov:startTime": "2024-05-07T15:27:32", "prov:endTime": "2024-05-07T15:27:33"}, "roocs:subset_rsdt_1_c3271e04-353c-4447-9564-78e2d515a8cc": {"prov:type": {"$": "provone:Execution", "type": "prov:QUALIFIED_NAME"}, "prov:label": "subset_rsdt_1", "roocs:time": "2000/2014", "roocs:time_components": "year:2000,2001,2002,2003,2004,2005,2006,2007,2008,2009,2010,2011,2012,2013,2014", "roocs:area": "-59,-35,-53,-30", "roocs:apply_fixes": false}}, "wasAssociatedWith": {"_:id2": {"prov:activity": "roocs:orchestrate_a6575512-40b5-43fc-b34c-74b30b853c10", "prov:agent": "roocs:rook_v0.13.0", "prov:plan": "roocs:workflow_a6575512-40b5-43fc-b34c-74b30b853c10"}, "_:id3": {"prov:activity": "roocs:subset_rsdt_1_c3271e04-353c-4447-9564-78e2d515a8cc", "prov:agent": "roocs:daops_v0.10.0", "prov:plan": "roocs:workflow_a6575512-40b5-43fc-b34c-74b30b853c10"}}, "wasDerivedFrom": {"_:id4": {"prov:generatedEntity": "roocs:rsdt_Amon_UKESM1-0-LL_historical_r1i1p1f2_gn_20000116-20141216.nc", "prov:usedEntity": "roocs:c3s-cmip6.CMIP.MOHC.UKESM1-0-LL.historical.r1i1p1f2.Amon.rsdt.gn.v20190406", "prov:activity": "roocs:subset_rsdt_1_c3271e04-353c-4447-9564-78e2d515a8cc"}}}