{"prefix": {"roocs": "urn:roocs:", "provone": "http://purl.dataone.org/provone/2015/01/15/ontology#", "dcterms": "http://purl.org/dc/terms/"}, "agent": {"roocs:C3S_CDS": {"prov:type": {"$": "prov:Organization", "type": "prov:QUALIFIED_NAME"}, "prov:label": "Copernicus Climate Data Store", "dcterms:source": "https://cds.climate.copernicus.eu"}, "roocs:rook_v0.13.0": {"prov:type": {"$": "prov:SoftwareAgent", "type": "prov:QUALIFIED_NAME"}, "prov:label": "Rook", "dcterms:source": "https://github.com/roocs/rook/releases/tag/v0.13.0"}, "roocs:daops_v0.10.0": {"prov:type": {"$": "prov:SoftwareAgent", "type": "prov:QUALIFIED_NAME"}, "prov:label": "DAOPS", "dcterms:source": "https://github.com/roocs/daops/releases/tag/v0.10.0"}}, "wasAttributedTo": {"_:id1": {"prov:entity": "roocs:rook_v0.13.0", "prov:agent": "roocs:C3S_CDS"}}, "entity": {"roocs:workflow_665e96e3-8444-4eb2-8c6a-692304796a1e": {"prov:type": {"$": "provone:Workflow", "type": "prov:QUALIFIED_NAME"}}, "roocs:c3s-cmip6.CMIP.NCAR.CESM2.historical.r1i1p1f1.day.pr.gn.v20190401": {"prov:type": {"$": "provone:Data", "type": "prov:QUALIFIED_NAME"}, "prov:label": "c3s-cmip6.CMIP.NCAR.CESM2.historical.r1i1p1f1.day.pr.gn.v20190401"}, "roocs:pr_day_CESM2_historical_r1i1p1f1_gn_20000101-20141231.nc": {"prov:type": {"$": "provone:Data", "type": "prov:QUALIFIED_NAME"}, "prov:label": "pr_day_CESM2_historical_r1i1p1f1_gn_20000101-20141231.nc"}}, "activity": {"roocs:orchestrate_665e96e3-8444-4eb2-8c6a-692304796a1e": {"prov:type": {"$": "provone:Execution", "type": "prov:QUALIFIED_NAME"}, "prov:label": "orchestrate", "prov:startTime": "2024-05-07T15:48:46", "prov:endTime": "2024-05-07T15:49:01"}, "roocs:subset_pr_1_66819c89-3b6e-4282-b112-2408d3c6f54c": {"prov:type": {"$": "provone:Execution", "type": "prov:QUALIFIED_NAME"}, "prov:label": "subset_pr_1", "roocs:time": "2000/2014", "roocs:time_components": "year:2000,2001,2002,2003,2004,2005,2006,2007,2008,2009,2010,2011,2012,2013,2014", "roocs:area": "-59,-35,-53,-30", "roocs:apply_fixes": false}}, "wasAssociatedWith": {"_:id2": {"prov:activity": "roocs:orchestrate_665e96e3-8444-4eb2-8c6a-692304796a1e", "prov:agent": "roocs:rook_v0.13.0", "prov:plan": "roocs:workflow_665e96e3-8444-4eb2-8c6a-692304796a1e"}, "_:id3": {"prov:activity": "roocs:subset_pr_1_66819c89-3b6e-4282-b112-2408d3c6f54c", "prov:agent": "roocs:daops_v0.10.0", "prov:plan": "roocs:workflow_665e96e3-8444-4eb2-8c6a-692304796a1e"}}, "wasDerivedFrom": {"_:id4": {"prov:generatedEntity": "roocs:pr_day_CESM2_historical_r1i1p1f1_gn_20000101-20141231.nc", "prov:usedEntity": "roocs:c3s-cmip6.CMIP.NCAR.CESM2.historical.r1i1p1f1.day.pr.gn.v20190401", "prov:activity": "roocs:subset_pr_1_66819c89-3b6e-4282-b112-2408d3c6f54c"}}}