{"prefix": {"roocs": "urn:roocs:", "provone": "http://purl.dataone.org/provone/2015/01/15/ontology#", "dcterms": "http://purl.org/dc/terms/"}, "agent": {"roocs:C3S_CDS": {"prov:type": {"$": "prov:Organization", "type": "prov:QUALIFIED_NAME"}, "prov:label": "Copernicus Climate Data Store", "dcterms:source": "https://cds.climate.copernicus.eu"}, "roocs:rook_v0.13.0": {"prov:type": {"$": "prov:SoftwareAgent", "type": "prov:QUALIFIED_NAME"}, "prov:label": "Rook", "dcterms:source": "https://github.com/roocs/rook/releases/tag/v0.13.0"}, "roocs:daops_v0.10.0": {"prov:type": {"$": "prov:SoftwareAgent", "type": "prov:QUALIFIED_NAME"}, "prov:label": "DAOPS", "dcterms:source": "https://github.com/roocs/daops/releases/tag/v0.10.0"}}, "wasAttributedTo": {"_:id1": {"prov:entity": "roocs:rook_v0.13.0", "prov:agent": "roocs:C3S_CDS"}}, "entity": {"roocs:workflow_8b6657d8-3735-4d0a-9d0e-446608b5134a": {"prov:type": {"$": "provone:Workflow", "type": "prov:QUALIFIED_NAME"}}, "roocs:c3s-cmip6.ScenarioMIP.NCAR.CESM2-WACCM.ssp370.r1i1p1f1.Amon.clt.gn.v20190815": {"prov:type": {"$": "provone:Data", "type": "prov:QUALIFIED_NAME"}, "prov:label": "c3s-cmip6.ScenarioMIP.NCAR.CESM2-WACCM.ssp370.r1i1p1f1.Amon.clt.gn.v20190815"}, "roocs:clt_Amon_CESM2-WACCM_ssp370_r1i1p1f1_gn_20150115-20501215.nc": {"prov:type": {"$": "provone:Data", "type": "prov:QUALIFIED_NAME"}, "prov:label": "clt_Amon_CESM2-WACCM_ssp370_r1i1p1f1_gn_20150115-20501215.nc"}}, "activity": {"roocs:orchestrate_8b6657d8-3735-4d0a-9d0e-446608b5134a": {"prov:type": {"$": "provone:Execution", "type": "prov:QUALIFIED_NAME"}, "prov:label": "orchestrate", "prov:startTime": "2024-05-07T15:46:25", "prov:endTime": "2024-05-07T15:46:27"}, "roocs:subset_clt_1_5654a23a-f558-42d2-b775-2100d2bc6bc5": {"prov:type": {"$": "provone:Execution", "type": "prov:QUALIFIED_NAME"}, "prov:label": "subset_clt_1", "roocs:time": "2015/2050", "roocs:time_components": "year:2015,2016,2017,2018,2019,2020,2021,2022,2023,2024,2025,2026,2027,2028,2029,2030,2031,2032,2033,2034,2035,2036,2037,2038,2039,2040,2041,2042,2043,2044,2045,2046,2047,2048,2049,2050", "roocs:area": "-59,-35,-53,-30", "roocs:apply_fixes": false}}, "wasAssociatedWith": {"_:id2": {"prov:activity": "roocs:orchestrate_8b6657d8-3735-4d0a-9d0e-446608b5134a", "prov:agent": "roocs:rook_v0.13.0", "prov:plan": "roocs:workflow_8b6657d8-3735-4d0a-9d0e-446608b5134a"}, "_:id3": {"prov:activity": "roocs:subset_clt_1_5654a23a-f558-42d2-b775-2100d2bc6bc5", "prov:agent": "roocs:daops_v0.10.0", "prov:plan": "roocs:workflow_8b6657d8-3735-4d0a-9d0e-446608b5134a"}}, "wasDerivedFrom": {"_:id4": {"prov:generatedEntity": "roocs:clt_Amon_CESM2-WACCM_ssp370_r1i1p1f1_gn_20150115-20501215.nc", "prov:usedEntity": "roocs:c3s-cmip6.ScenarioMIP.NCAR.CESM2-WACCM.ssp370.r1i1p1f1.Amon.clt.gn.v20190815", "prov:activity": "roocs:subset_clt_1_5654a23a-f558-42d2-b775-2100d2bc6bc5"}}}