{"prefix": {"roocs": "urn:roocs:", "provone": "http://purl.dataone.org/provone/2015/01/15/ontology#", "dcterms": "http://purl.org/dc/terms/"}, "agent": {"roocs:C3S_CDS": {"prov:type": {"$": "prov:Organization", "type": "prov:QUALIFIED_NAME"}, "prov:label": "Copernicus Climate Data Store", "dcterms:source": "https://cds.climate.copernicus.eu"}, "roocs:rook_v0.13.0": {"prov:type": {"$": "prov:SoftwareAgent", "type": "prov:QUALIFIED_NAME"}, "prov:label": "Rook", "dcterms:source": "https://github.com/roocs/rook/releases/tag/v0.13.0"}, "roocs:daops_v0.10.0": {"prov:type": {"$": "prov:SoftwareAgent", "type": "prov:QUALIFIED_NAME"}, "prov:label": "DAOPS", "dcterms:source": "https://github.com/roocs/daops/releases/tag/v0.10.0"}}, "wasAttributedTo": {"_:id1": {"prov:entity": "roocs:rook_v0.13.0", "prov:agent": "roocs:C3S_CDS"}}, "entity": {"roocs:workflow_fea74210-ca88-4cbd-bfd2-c54be68cb7da": {"prov:type": {"$": "provone:Workflow", "type": "prov:QUALIFIED_NAME"}}, "roocs:c3s-cmip6.ScenarioMIP.EC-Earth-Consortium.EC-Earth3-CC.ssp245.r1i1p1f1.Amon.rsds.gr.v20210113": {"prov:type": {"$": "provone:Data", "type": "prov:QUALIFIED_NAME"}, "prov:label": "c3s-cmip6.ScenarioMIP.EC-Earth-Consortium.EC-Earth3-CC.ssp245.r1i1p1f1.Amon.rsds.gr.v20210113"}, "roocs:rsds_Amon_EC-Earth3-CC_ssp245_r1i1p1f1_gr_20150116-20501216.nc": {"prov:type": {"$": "provone:Data", "type": "prov:QUALIFIED_NAME"}, "prov:label": "rsds_Amon_EC-Earth3-CC_ssp245_r1i1p1f1_gr_20150116-20501216.nc"}}, "activity": {"roocs:orchestrate_fea74210-ca88-4cbd-bfd2-c54be68cb7da": {"prov:type": {"$": "provone:Execution", "type": "prov:QUALIFIED_NAME"}, "prov:label": "orchestrate", "prov:startTime": "2024-05-07T15:40:28", "prov:endTime": "2024-05-07T15:40:37"}, "roocs:subset_rsds_1_447065e1-6abf-4a6f-ba53-351677aeded4": {"prov:type": {"$": "provone:Execution", "type": "prov:QUALIFIED_NAME"}, "prov:label": "subset_rsds_1", "roocs:time": "2015/2050", "roocs:time_components": "year:2015,2016,2017,2018,2019,2020,2021,2022,2023,2024,2025,2026,2027,2028,2029,2030,2031,2032,2033,2034,2035,2036,2037,2038,2039,2040,2041,2042,2043,2044,2045,2046,2047,2048,2049,2050", "roocs:area": "-59,-35,-53,-30", "roocs:apply_fixes": false}}, "wasAssociatedWith": {"_:id2": {"prov:activity": "roocs:orchestrate_fea74210-ca88-4cbd-bfd2-c54be68cb7da", "prov:agent": "roocs:rook_v0.13.0", "prov:plan": "roocs:workflow_fea74210-ca88-4cbd-bfd2-c54be68cb7da"}, "_:id3": {"prov:activity": "roocs:subset_rsds_1_447065e1-6abf-4a6f-ba53-351677aeded4", "prov:agent": "roocs:daops_v0.10.0", "prov:plan": "roocs:workflow_fea74210-ca88-4cbd-bfd2-c54be68cb7da"}}, "wasDerivedFrom": {"_:id4": {"prov:generatedEntity": "roocs:rsds_Amon_EC-Earth3-CC_ssp245_r1i1p1f1_gr_20150116-20501216.nc", "prov:usedEntity": "roocs:c3s-cmip6.ScenarioMIP.EC-Earth-Consortium.EC-Earth3-CC.ssp245.r1i1p1f1.Amon.rsds.gr.v20210113", "prov:activity": "roocs:subset_rsds_1_447065e1-6abf-4a6f-ba53-351677aeded4"}}}