{"prefix": {"roocs": "urn:roocs:", "provone": "http://purl.dataone.org/provone/2015/01/15/ontology#", "dcterms": "http://purl.org/dc/terms/"}, "agent": {"roocs:C3S_CDS": {"prov:type": {"$": "prov:Organization", "type": "prov:QUALIFIED_NAME"}, "prov:label": "Copernicus Climate Data Store", "dcterms:source": "https://cds.climate.copernicus.eu"}, "roocs:rook_v0.10.1": {"prov:type": {"$": "prov:SoftwareAgent", "type": "prov:QUALIFIED_NAME"}, "prov:label": "Rook", "dcterms:source": "https://github.com/roocs/rook/releases/tag/v0.10.1"}, "roocs:daops_v0.8.1": {"prov:type": {"$": "prov:SoftwareAgent", "type": "prov:QUALIFIED_NAME"}, "prov:label": "DAOPS", "dcterms:source": "https://github.com/roocs/daops/releases/tag/v0.8.1"}}, "wasAttributedTo": {"_:id1": {"prov:entity": "roocs:rook_v0.10.1", "prov:agent": "roocs:C3S_CDS"}}, "entity": {"roocs:workflow_a72af361-763b-4aad-854c-1745f7a68a92": {"prov:type": {"$": "provone:Workflow", "type": "prov:QUALIFIED_NAME"}}, "roocs:c3s-cmip6.ScenarioMIP.AWI.AWI-CM-1-1-MR.ssp585.r1i1p1f1.day.pr.gn.v20190529": {"prov:type": {"$": "provone:Data", "type": "prov:QUALIFIED_NAME"}, "prov:label": "c3s-cmip6.ScenarioMIP.AWI.AWI-CM-1-1-MR.ssp585.r1i1p1f1.day.pr.gn.v20190529"}, "roocs:pr_day_AWI-CM-1-1-MR_ssp585_r1i1p1f1_gn_20500101-20601231.nc": {"prov:type": {"$": "provone:Data", "type": "prov:QUALIFIED_NAME"}, "prov:label": "pr_day_AWI-CM-1-1-MR_ssp585_r1i1p1f1_gn_20500101-20601231.nc"}}, "activity": {"roocs:orchestrate_a72af361-763b-4aad-854c-1745f7a68a92": {"prov:type": {"$": "provone:Execution", "type": "prov:QUALIFIED_NAME"}, "prov:label": "orchestrate", "prov:startTime": "2023-08-07T21:16:22", "prov:endTime": "2023-08-07T21:16:46"}, "roocs:subset_pr_1_46d31eaf-afbd-448b-bef2-b2445790581e": {"prov:type": {"$": "provone:Execution", "type": "prov:QUALIFIED_NAME"}, "prov:label": "subset_pr_1", "roocs:time": "2050/2060", "roocs:time_components": "year:2050,2051,2052,2053,2054,2055,2056,2057,2058,2059,2060|month:jan,feb,mar,apr,may,jun,jul,aug,sep,oct,nov,dec|day:01,02,03,04,05,06,07,08,09,10,11,12,13,14,15,16,17,18,19,20,21,22,23,24,25,26,27,28,29,30,31", "roocs:area": "-58,-35,-52,-30", "roocs:apply_fixes": false}}, "wasAssociatedWith": {"_:id2": {"prov:activity": "roocs:orchestrate_a72af361-763b-4aad-854c-1745f7a68a92", "prov:agent": "roocs:rook_v0.10.1", "prov:plan": "roocs:workflow_a72af361-763b-4aad-854c-1745f7a68a92"}, "_:id3": {"prov:activity": "roocs:subset_pr_1_46d31eaf-afbd-448b-bef2-b2445790581e", "prov:agent": "roocs:daops_v0.8.1", "prov:plan": "roocs:workflow_a72af361-763b-4aad-854c-1745f7a68a92"}}, "wasDerivedFrom": {"_:id4": {"prov:generatedEntity": "roocs:pr_day_AWI-CM-1-1-MR_ssp585_r1i1p1f1_gn_20500101-20601231.nc", "prov:usedEntity": "roocs:c3s-cmip6.ScenarioMIP.AWI.AWI-CM-1-1-MR.ssp585.r1i1p1f1.day.pr.gn.v20190529", "prov:activity": "roocs:subset_pr_1_46d31eaf-afbd-448b-bef2-b2445790581e"}}}