{"prefix": {"roocs": "urn:roocs:", "provone": "http://purl.dataone.org/provone/2015/01/15/ontology#", "dcterms": "http://purl.org/dc/terms/"}, "agent": {"roocs:C3S_CDS": {"prov:type": {"$": "prov:Organization", "type": "prov:QUALIFIED_NAME"}, "prov:label": "Copernicus Climate Data Store", "dcterms:source": "https://cds.climate.copernicus.eu"}, "roocs:rook_v0.13.0": {"prov:type": {"$": "prov:SoftwareAgent", "type": "prov:QUALIFIED_NAME"}, "prov:label": "Rook", "dcterms:source": "https://github.com/roocs/rook/releases/tag/v0.13.0"}, "roocs:daops_v0.10.0": {"prov:type": {"$": "prov:SoftwareAgent", "type": "prov:QUALIFIED_NAME"}, "prov:label": "DAOPS", "dcterms:source": "https://github.com/roocs/daops/releases/tag/v0.10.0"}}, "wasAttributedTo": {"_:id1": {"prov:entity": "roocs:rook_v0.13.0", "prov:agent": "roocs:C3S_CDS"}}, "entity": {"roocs:workflow_f1e5f948-f9c4-4aa1-8103-703565b28d2f": {"prov:type": {"$": "provone:Workflow", "type": "prov:QUALIFIED_NAME"}}, "roocs:c3s-cmip6.CMIP.NCAR.CESM2.historical.r1i1p1f1.Amon.rsdt.gn.v20190308": {"prov:type": {"$": "provone:Data", "type": "prov:QUALIFIED_NAME"}, "prov:label": "c3s-cmip6.CMIP.NCAR.CESM2.historical.r1i1p1f1.Amon.rsdt.gn.v20190308"}, "roocs:rsdt_Amon_CESM2_historical_r1i1p1f1_gn_20000115-20141215.nc": {"prov:type": {"$": "provone:Data", "type": "prov:QUALIFIED_NAME"}, "prov:label": "rsdt_Amon_CESM2_historical_r1i1p1f1_gn_20000115-20141215.nc"}}, "activity": {"roocs:orchestrate_f1e5f948-f9c4-4aa1-8103-703565b28d2f": {"prov:type": {"$": "provone:Execution", "type": "prov:QUALIFIED_NAME"}, "prov:label": "orchestrate", "prov:startTime": "2024-05-07T15:26:37", "prov:endTime": "2024-05-07T15:26:39"}, "roocs:subset_rsdt_1_c675f714-9549-46a4-92c1-7072102b3057": {"prov:type": {"$": "provone:Execution", "type": "prov:QUALIFIED_NAME"}, "prov:label": "subset_rsdt_1", "roocs:time": "2000/2014", "roocs:time_components": "year:2000,2001,2002,2003,2004,2005,2006,2007,2008,2009,2010,2011,2012,2013,2014", "roocs:area": "-59,-35,-53,-30", "roocs:apply_fixes": false}}, "wasAssociatedWith": {"_:id2": {"prov:activity": "roocs:orchestrate_f1e5f948-f9c4-4aa1-8103-703565b28d2f", "prov:agent": "roocs:rook_v0.13.0", "prov:plan": "roocs:workflow_f1e5f948-f9c4-4aa1-8103-703565b28d2f"}, "_:id3": {"prov:activity": "roocs:subset_rsdt_1_c675f714-9549-46a4-92c1-7072102b3057", "prov:agent": "roocs:daops_v0.10.0", "prov:plan": "roocs:workflow_f1e5f948-f9c4-4aa1-8103-703565b28d2f"}}, "wasDerivedFrom": {"_:id4": {"prov:generatedEntity": "roocs:rsdt_Amon_CESM2_historical_r1i1p1f1_gn_20000115-20141215.nc", "prov:usedEntity": "roocs:c3s-cmip6.CMIP.NCAR.CESM2.historical.r1i1p1f1.Amon.rsdt.gn.v20190308", "prov:activity": "roocs:subset_rsdt_1_c675f714-9549-46a4-92c1-7072102b3057"}}}