{"prefix": {"roocs": "urn:roocs:", "provone": "http://purl.dataone.org/provone/2015/01/15/ontology#", "dcterms": "http://purl.org/dc/terms/"}, "agent": {"roocs:C3S_CDS": {"prov:type": {"$": "prov:Organization", "type": "prov:QUALIFIED_NAME"}, "prov:label": "Copernicus Climate Data Store", "dcterms:source": "https://cds.climate.copernicus.eu"}, "roocs:rook_v0.13.0": {"prov:type": {"$": "prov:SoftwareAgent", "type": "prov:QUALIFIED_NAME"}, "prov:label": "Rook", "dcterms:source": "https://github.com/roocs/rook/releases/tag/v0.13.0"}, "roocs:daops_v0.10.0": {"prov:type": {"$": "prov:SoftwareAgent", "type": "prov:QUALIFIED_NAME"}, "prov:label": "DAOPS", "dcterms:source": "https://github.com/roocs/daops/releases/tag/v0.10.0"}}, "wasAttributedTo": {"_:id1": {"prov:entity": "roocs:rook_v0.13.0", "prov:agent": "roocs:C3S_CDS"}}, "entity": {"roocs:workflow_ca9b587f-d05c-47d1-bf03-d3b19cc97265": {"prov:type": {"$": "provone:Workflow", "type": "prov:QUALIFIED_NAME"}}, "roocs:c3s-cmip6.CMIP.CNRM-CERFACS.CNRM-CM6-1-HR.historical.r1i1p1f2.Amon.rsds.gr.v20191021": {"prov:type": {"$": "provone:Data", "type": "prov:QUALIFIED_NAME"}, "prov:label": "c3s-cmip6.CMIP.CNRM-CERFACS.CNRM-CM6-1-HR.historical.r1i1p1f2.Amon.rsds.gr.v20191021"}, "roocs:rsds_Amon_CNRM-CM6-1-HR_historical_r1i1p1f2_gr_20000116-20141216.nc": {"prov:type": {"$": "provone:Data", "type": "prov:QUALIFIED_NAME"}, "prov:label": "rsds_Amon_CNRM-CM6-1-HR_historical_r1i1p1f2_gr_20000116-20141216.nc"}}, "activity": {"roocs:orchestrate_ca9b587f-d05c-47d1-bf03-d3b19cc97265": {"prov:type": {"$": "provone:Execution", "type": "prov:QUALIFIED_NAME"}, "prov:label": "orchestrate", "prov:startTime": "2024-05-07T15:22:55", "prov:endTime": "2024-05-07T15:23:05"}, "roocs:subset_rsds_1_fcec0b61-4306-465e-a1e4-4a045a83e5a9": {"prov:type": {"$": "provone:Execution", "type": "prov:QUALIFIED_NAME"}, "prov:label": "subset_rsds_1", "roocs:time": "2000/2014", "roocs:time_components": "year:2000,2001,2002,2003,2004,2005,2006,2007,2008,2009,2010,2011,2012,2013,2014", "roocs:area": "-59,-35,-53,-30", "roocs:apply_fixes": false}}, "wasAssociatedWith": {"_:id2": {"prov:activity": "roocs:orchestrate_ca9b587f-d05c-47d1-bf03-d3b19cc97265", "prov:agent": "roocs:rook_v0.13.0", "prov:plan": "roocs:workflow_ca9b587f-d05c-47d1-bf03-d3b19cc97265"}, "_:id3": {"prov:activity": "roocs:subset_rsds_1_fcec0b61-4306-465e-a1e4-4a045a83e5a9", "prov:agent": "roocs:daops_v0.10.0", "prov:plan": "roocs:workflow_ca9b587f-d05c-47d1-bf03-d3b19cc97265"}}, "wasDerivedFrom": {"_:id4": {"prov:generatedEntity": "roocs:rsds_Amon_CNRM-CM6-1-HR_historical_r1i1p1f2_gr_20000116-20141216.nc", "prov:usedEntity": "roocs:c3s-cmip6.CMIP.CNRM-CERFACS.CNRM-CM6-1-HR.historical.r1i1p1f2.Amon.rsds.gr.v20191021", "prov:activity": "roocs:subset_rsds_1_fcec0b61-4306-465e-a1e4-4a045a83e5a9"}}}