{"prefix": {"roocs": "urn:roocs:", "provone": "http://purl.dataone.org/provone/2015/01/15/ontology#", "dcterms": "http://purl.org/dc/terms/"}, "agent": {"roocs:C3S_CDS": {"prov:type": {"$": "prov:Organization", "type": "prov:QUALIFIED_NAME"}, "prov:label": "Copernicus Climate Data Store", "dcterms:source": "https://cds.climate.copernicus.eu"}, "roocs:rook_v0.13.0": {"prov:type": {"$": "prov:SoftwareAgent", "type": "prov:QUALIFIED_NAME"}, "prov:label": "Rook", "dcterms:source": "https://github.com/roocs/rook/releases/tag/v0.13.0"}, "roocs:daops_v0.10.0": {"prov:type": {"$": "prov:SoftwareAgent", "type": "prov:QUALIFIED_NAME"}, "prov:label": "DAOPS", "dcterms:source": "https://github.com/roocs/daops/releases/tag/v0.10.0"}}, "wasAttributedTo": {"_:id1": {"prov:entity": "roocs:rook_v0.13.0", "prov:agent": "roocs:C3S_CDS"}}, "entity": {"roocs:workflow_cb899c39-dddd-4cd4-8428-5d2a3cbabd9d": {"prov:type": {"$": "provone:Workflow", "type": "prov:QUALIFIED_NAME"}}, "roocs:c3s-cmip6.ScenarioMIP.CNRM-CERFACS.CNRM-CM6-1-HR.ssp585.r1i1p1f2.Amon.rsdt.gr.v20191202": {"prov:type": {"$": "provone:Data", "type": "prov:QUALIFIED_NAME"}, "prov:label": "c3s-cmip6.ScenarioMIP.CNRM-CERFACS.CNRM-CM6-1-HR.ssp585.r1i1p1f2.Amon.rsdt.gr.v20191202"}, "roocs:rsdt_Amon_CNRM-CM6-1-HR_ssp585_r1i1p1f2_gr_20150116-20501216.nc": {"prov:type": {"$": "provone:Data", "type": "prov:QUALIFIED_NAME"}, "prov:label": "rsdt_Amon_CNRM-CM6-1-HR_ssp585_r1i1p1f2_gr_20150116-20501216.nc"}}, "activity": {"roocs:orchestrate_cb899c39-dddd-4cd4-8428-5d2a3cbabd9d": {"prov:type": {"$": "provone:Execution", "type": "prov:QUALIFIED_NAME"}, "prov:label": "orchestrate", "prov:startTime": "2024-05-07T15:47:52", "prov:endTime": "2024-05-07T15:47:56"}, "roocs:subset_rsdt_1_6316bcab-c48c-4afc-bd8b-76d957bdff76": {"prov:type": {"$": "provone:Execution", "type": "prov:QUALIFIED_NAME"}, "prov:label": "subset_rsdt_1", "roocs:time": "2015/2050", "roocs:time_components": "year:2015,2016,2017,2018,2019,2020,2021,2022,2023,2024,2025,2026,2027,2028,2029,2030,2031,2032,2033,2034,2035,2036,2037,2038,2039,2040,2041,2042,2043,2044,2045,2046,2047,2048,2049,2050", "roocs:area": "-59,-35,-53,-30", "roocs:apply_fixes": false}}, "wasAssociatedWith": {"_:id2": {"prov:activity": "roocs:orchestrate_cb899c39-dddd-4cd4-8428-5d2a3cbabd9d", "prov:agent": "roocs:rook_v0.13.0", "prov:plan": "roocs:workflow_cb899c39-dddd-4cd4-8428-5d2a3cbabd9d"}, "_:id3": {"prov:activity": "roocs:subset_rsdt_1_6316bcab-c48c-4afc-bd8b-76d957bdff76", "prov:agent": "roocs:daops_v0.10.0", "prov:plan": "roocs:workflow_cb899c39-dddd-4cd4-8428-5d2a3cbabd9d"}}, "wasDerivedFrom": {"_:id4": {"prov:generatedEntity": "roocs:rsdt_Amon_CNRM-CM6-1-HR_ssp585_r1i1p1f2_gr_20150116-20501216.nc", "prov:usedEntity": "roocs:c3s-cmip6.ScenarioMIP.CNRM-CERFACS.CNRM-CM6-1-HR.ssp585.r1i1p1f2.Amon.rsdt.gr.v20191202", "prov:activity": "roocs:subset_rsdt_1_6316bcab-c48c-4afc-bd8b-76d957bdff76"}}}