{"prefix": {"roocs": "urn:roocs:", "provone": "http://purl.dataone.org/provone/2015/01/15/ontology#", "dcterms": "http://purl.org/dc/terms/"}, "agent": {"roocs:C3S_CDS": {"prov:type": {"$": "prov:Organization", "type": "prov:QUALIFIED_NAME"}, "prov:label": "Copernicus Climate Data Store", "dcterms:source": "https://cds.climate.copernicus.eu"}, "roocs:rook_v0.13.0": {"prov:type": {"$": "prov:SoftwareAgent", "type": "prov:QUALIFIED_NAME"}, "prov:label": "Rook", "dcterms:source": "https://github.com/roocs/rook/releases/tag/v0.13.0"}, "roocs:daops_v0.10.0": {"prov:type": {"$": "prov:SoftwareAgent", "type": "prov:QUALIFIED_NAME"}, "prov:label": "DAOPS", "dcterms:source": "https://github.com/roocs/daops/releases/tag/v0.10.0"}}, "wasAttributedTo": {"_:id1": {"prov:entity": "roocs:rook_v0.13.0", "prov:agent": "roocs:C3S_CDS"}}, "entity": {"roocs:workflow_500de5a6-cad5-4741-b036-c94c338b55c6": {"prov:type": {"$": "provone:Workflow", "type": "prov:QUALIFIED_NAME"}}, "roocs:c3s-cmip6.ScenarioMIP.MOHC.UKESM1-0-LL.ssp370.r1i1p1f2.Amon.rsds.gn.v20190510": {"prov:type": {"$": "provone:Data", "type": "prov:QUALIFIED_NAME"}, "prov:label": "c3s-cmip6.ScenarioMIP.MOHC.UKESM1-0-LL.ssp370.r1i1p1f2.Amon.rsds.gn.v20190510"}, "roocs:rsds_Amon_UKESM1-0-LL_ssp370_r1i1p1f2_gn_20150116-20501216.nc": {"prov:type": {"$": "provone:Data", "type": "prov:QUALIFIED_NAME"}, "prov:label": "rsds_Amon_UKESM1-0-LL_ssp370_r1i1p1f2_gn_20150116-20501216.nc"}}, "activity": {"roocs:orchestrate_500de5a6-cad5-4741-b036-c94c338b55c6": {"prov:type": {"$": "provone:Execution", "type": "prov:QUALIFIED_NAME"}, "prov:label": "orchestrate", "prov:startTime": "2024-05-07T15:44:05", "prov:endTime": "2024-05-07T15:44:07"}, "roocs:subset_rsds_1_23aa76ae-25a2-41e8-b76a-77ac555db37a": {"prov:type": {"$": "provone:Execution", "type": "prov:QUALIFIED_NAME"}, "prov:label": "subset_rsds_1", "roocs:time": "2015/2050", "roocs:time_components": "year:2015,2016,2017,2018,2019,2020,2021,2022,2023,2024,2025,2026,2027,2028,2029,2030,2031,2032,2033,2034,2035,2036,2037,2038,2039,2040,2041,2042,2043,2044,2045,2046,2047,2048,2049,2050", "roocs:area": "-59,-35,-53,-30", "roocs:apply_fixes": false}}, "wasAssociatedWith": {"_:id2": {"prov:activity": "roocs:orchestrate_500de5a6-cad5-4741-b036-c94c338b55c6", "prov:agent": "roocs:rook_v0.13.0", "prov:plan": "roocs:workflow_500de5a6-cad5-4741-b036-c94c338b55c6"}, "_:id3": {"prov:activity": "roocs:subset_rsds_1_23aa76ae-25a2-41e8-b76a-77ac555db37a", "prov:agent": "roocs:daops_v0.10.0", "prov:plan": "roocs:workflow_500de5a6-cad5-4741-b036-c94c338b55c6"}}, "wasDerivedFrom": {"_:id4": {"prov:generatedEntity": "roocs:rsds_Amon_UKESM1-0-LL_ssp370_r1i1p1f2_gn_20150116-20501216.nc", "prov:usedEntity": "roocs:c3s-cmip6.ScenarioMIP.MOHC.UKESM1-0-LL.ssp370.r1i1p1f2.Amon.rsds.gn.v20190510", "prov:activity": "roocs:subset_rsds_1_23aa76ae-25a2-41e8-b76a-77ac555db37a"}}}