{"prefix": {"roocs": "urn:roocs:", "provone": "http://purl.dataone.org/provone/2015/01/15/ontology#", "dcterms": "http://purl.org/dc/terms/"}, "agent": {"roocs:C3S_CDS": {"prov:type": {"$": "prov:Organization", "type": "prov:QUALIFIED_NAME"}, "prov:label": "Copernicus Climate Data Store", "dcterms:source": "https://cds.climate.copernicus.eu"}, "roocs:rook_v0.10.1": {"prov:type": {"$": "prov:SoftwareAgent", "type": "prov:QUALIFIED_NAME"}, "prov:label": "Rook", "dcterms:source": "https://github.com/roocs/rook/releases/tag/v0.10.1"}, "roocs:daops_v0.8.1": {"prov:type": {"$": "prov:SoftwareAgent", "type": "prov:QUALIFIED_NAME"}, "prov:label": "DAOPS", "dcterms:source": "https://github.com/roocs/daops/releases/tag/v0.8.1"}}, "wasAttributedTo": {"_:id1": {"prov:entity": "roocs:rook_v0.10.1", "prov:agent": "roocs:C3S_CDS"}}, "entity": {"roocs:workflow_7c4529e5-db8a-431c-ad1a-15b0a6b341d8": {"prov:type": {"$": "provone:Workflow", "type": "prov:QUALIFIED_NAME"}}, "roocs:c3s-cmip6.ScenarioMIP.CCCma.CanESM5.ssp585.r1i1p1f1.day.pr.gn.v20190429": {"prov:type": {"$": "provone:Data", "type": "prov:QUALIFIED_NAME"}, "prov:label": "c3s-cmip6.ScenarioMIP.CCCma.CanESM5.ssp585.r1i1p1f1.day.pr.gn.v20190429"}, "roocs:pr_day_CanESM5_ssp585_r1i1p1f1_gn_20150101-21801231.nc": {"prov:type": {"$": "provone:Data", "type": "prov:QUALIFIED_NAME"}, "prov:label": "pr_day_CanESM5_ssp585_r1i1p1f1_gn_20150101-21801231.nc"}}, "activity": {"roocs:orchestrate_7c4529e5-db8a-431c-ad1a-15b0a6b341d8": {"prov:type": {"$": "provone:Execution", "type": "prov:QUALIFIED_NAME"}, "prov:label": "orchestrate", "prov:startTime": "2023-09-04T19:41:44", "prov:endTime": "2023-09-04T19:43:17"}, "roocs:subset_pr_1_d740f482-58d6-42d1-9ad7-5088f00c9446": {"prov:type": {"$": "provone:Execution", "type": "prov:QUALIFIED_NAME"}, "prov:label": "subset_pr_1", "roocs:time": "2015/2180", "roocs:time_components": "year:2015,2016,2017,2018,2019,2020,2021,2022,2023,2024,2025,2026,2027,2028,2029,2030,2031,2032,2033,2034,2035,2036,2037,2038,2039,2040,2041,2042,2043,2044,2045,2046,2047,2048,2049,2050,2051,2052,2053,2054,2055,2056,2057,2058,2059,2060,2061,2062,2063,2064,2065,2066,2067,2068,2069,2070,2071,2072,2073,2074,2075,2076,2077,2078,2079,2080,2081,2082,2083,2084,2085,2086,2087,2088,2089,2090,2091,2092,2093,2094,2095,2096,2097,2098,2099,2100,2101,2102,2103,2104,2105,2106,2107,2108,2109,2110,2111,2112,2113,2114,2115,2116,2117,2118,2119,2120,2121,2122,2123,2124,2125,2126,2127,2128,2129,2130,2131,2132,2133,2134,2135,2136,2137,2138,2139,2140,2141,2142,2143,2144,2145,2146,2147,2148,2149,2150,2151,2152,2153,2154,2155,2156,2157,2158,2159,2160,2161,2162,2163,2164,2165,2166,2167,2168,2169,2170,2171,2172,2173,2174,2175,2176,2177,2178,2179,2180|month:jan,feb,mar,apr,may,jun,jul,aug,sep,oct,nov,dec|day:01,02,03,04,05,06,07,08,09,10,11,12,13,14,15,16,17,18,19,20,21,22,23,24,25,26,27,28,29,30,31", "roocs:area": "-60,-35,-53,-30", "roocs:apply_fixes": false}}, "wasAssociatedWith": {"_:id2": {"prov:activity": "roocs:orchestrate_7c4529e5-db8a-431c-ad1a-15b0a6b341d8", "prov:agent": "roocs:rook_v0.10.1", "prov:plan": "roocs:workflow_7c4529e5-db8a-431c-ad1a-15b0a6b341d8"}, "_:id3": {"prov:activity": "roocs:subset_pr_1_d740f482-58d6-42d1-9ad7-5088f00c9446", "prov:agent": "roocs:daops_v0.8.1", "prov:plan": "roocs:workflow_7c4529e5-db8a-431c-ad1a-15b0a6b341d8"}}, "wasDerivedFrom": {"_:id4": {"prov:generatedEntity": "roocs:pr_day_CanESM5_ssp585_r1i1p1f1_gn_20150101-21801231.nc", "prov:usedEntity": "roocs:c3s-cmip6.ScenarioMIP.CCCma.CanESM5.ssp585.r1i1p1f1.day.pr.gn.v20190429", "prov:activity": "roocs:subset_pr_1_d740f482-58d6-42d1-9ad7-5088f00c9446"}}}