{"prefix": {"roocs": "urn:roocs:", "provone": "http://purl.dataone.org/provone/2015/01/15/ontology#", "dcterms": "http://purl.org/dc/terms/"}, "agent": {"roocs:C3S_CDS": {"prov:type": {"$": "prov:Organization", "type": "prov:QUALIFIED_NAME"}, "prov:label": "Copernicus Climate Data Store", "dcterms:source": "https://cds.climate.copernicus.eu"}, "roocs:rook_v0.13.0": {"prov:type": {"$": "prov:SoftwareAgent", "type": "prov:QUALIFIED_NAME"}, "prov:label": "Rook", "dcterms:source": "https://github.com/roocs/rook/releases/tag/v0.13.0"}, "roocs:daops_v0.10.0": {"prov:type": {"$": "prov:SoftwareAgent", "type": "prov:QUALIFIED_NAME"}, "prov:label": "DAOPS", "dcterms:source": "https://github.com/roocs/daops/releases/tag/v0.10.0"}}, "wasAttributedTo": {"_:id1": {"prov:entity": "roocs:rook_v0.13.0", "prov:agent": "roocs:C3S_CDS"}}, "entity": {"roocs:workflow_e84ab5a5-7cd3-402a-af88-a437469e3378": {"prov:type": {"$": "provone:Workflow", "type": "prov:QUALIFIED_NAME"}}, "roocs:c3s-cmip6.CMIP.MRI.MRI-ESM2-0.historical.r1i1p1f1.day.tasmax.gn.v20190603": {"prov:type": {"$": "provone:Data", "type": "prov:QUALIFIED_NAME"}, "prov:label": "c3s-cmip6.CMIP.MRI.MRI-ESM2-0.historical.r1i1p1f1.day.tasmax.gn.v20190603"}, "roocs:tasmax_day_MRI-ESM2-0_historical_r1i1p1f1_gn_20000101-20141231.nc": {"prov:type": {"$": "provone:Data", "type": "prov:QUALIFIED_NAME"}, "prov:label": "tasmax_day_MRI-ESM2-0_historical_r1i1p1f1_gn_20000101-20141231.nc"}}, "activity": {"roocs:orchestrate_e84ab5a5-7cd3-402a-af88-a437469e3378": {"prov:type": {"$": "provone:Execution", "type": "prov:QUALIFIED_NAME"}, "prov:label": "orchestrate", "prov:startTime": "2024-05-07T16:01:43", "prov:endTime": "2024-05-07T16:01:54"}, "roocs:subset_tasmax_1_808c7721-3c81-41da-8186-a12d67faf1f8": {"prov:type": {"$": "provone:Execution", "type": "prov:QUALIFIED_NAME"}, "prov:label": "subset_tasmax_1", "roocs:time": "2000/2014", "roocs:time_components": "year:2000,2001,2002,2003,2004,2005,2006,2007,2008,2009,2010,2011,2012,2013,2014", "roocs:area": "-59,-35,-53,-30", "roocs:apply_fixes": false}}, "wasAssociatedWith": {"_:id2": {"prov:activity": "roocs:orchestrate_e84ab5a5-7cd3-402a-af88-a437469e3378", "prov:agent": "roocs:rook_v0.13.0", "prov:plan": "roocs:workflow_e84ab5a5-7cd3-402a-af88-a437469e3378"}, "_:id3": {"prov:activity": "roocs:subset_tasmax_1_808c7721-3c81-41da-8186-a12d67faf1f8", "prov:agent": "roocs:daops_v0.10.0", "prov:plan": "roocs:workflow_e84ab5a5-7cd3-402a-af88-a437469e3378"}}, "wasDerivedFrom": {"_:id4": {"prov:generatedEntity": "roocs:tasmax_day_MRI-ESM2-0_historical_r1i1p1f1_gn_20000101-20141231.nc", "prov:usedEntity": "roocs:c3s-cmip6.CMIP.MRI.MRI-ESM2-0.historical.r1i1p1f1.day.tasmax.gn.v20190603", "prov:activity": "roocs:subset_tasmax_1_808c7721-3c81-41da-8186-a12d67faf1f8"}}}