{"prefix": {"roocs": "urn:roocs:", "provone": "http://purl.dataone.org/provone/2015/01/15/ontology#", "dcterms": "http://purl.org/dc/terms/"}, "agent": {"roocs:C3S_CDS": {"prov:type": {"$": "prov:Organization", "type": "prov:QUALIFIED_NAME"}, "prov:label": "Copernicus Climate Data Store", "dcterms:source": "https://cds.climate.copernicus.eu"}, "roocs:rook_v0.13.0": {"prov:type": {"$": "prov:SoftwareAgent", "type": "prov:QUALIFIED_NAME"}, "prov:label": "Rook", "dcterms:source": "https://github.com/roocs/rook/releases/tag/v0.13.0"}, "roocs:daops_v0.10.0": {"prov:type": {"$": "prov:SoftwareAgent", "type": "prov:QUALIFIED_NAME"}, "prov:label": "DAOPS", "dcterms:source": "https://github.com/roocs/daops/releases/tag/v0.10.0"}}, "wasAttributedTo": {"_:id1": {"prov:entity": "roocs:rook_v0.13.0", "prov:agent": "roocs:C3S_CDS"}}, "entity": {"roocs:workflow_086bf3cd-ddeb-4fa5-8416-9bcbc815e8a9": {"prov:type": {"$": "provone:Workflow", "type": "prov:QUALIFIED_NAME"}}, "roocs:c3s-cmip6.ScenarioMIP.NCAR.CESM2.ssp245.r4i1p1f1.Amon.rsdt.gn.v20200528": {"prov:type": {"$": "provone:Data", "type": "prov:QUALIFIED_NAME"}, "prov:label": "c3s-cmip6.ScenarioMIP.NCAR.CESM2.ssp245.r4i1p1f1.Amon.rsdt.gn.v20200528"}, "roocs:rsdt_Amon_CESM2_ssp245_r4i1p1f1_gn_20150115-20501215.nc": {"prov:type": {"$": "provone:Data", "type": "prov:QUALIFIED_NAME"}, "prov:label": "rsdt_Amon_CESM2_ssp245_r4i1p1f1_gn_20150115-20501215.nc"}}, "activity": {"roocs:orchestrate_086bf3cd-ddeb-4fa5-8416-9bcbc815e8a9": {"prov:type": {"$": "provone:Execution", "type": "prov:QUALIFIED_NAME"}, "prov:label": "orchestrate", "prov:startTime": "2024-05-07T15:41:37", "prov:endTime": "2024-05-07T15:41:39"}, "roocs:subset_rsdt_1_bb976236-ae59-4ad9-bba2-cfcebbc06639": {"prov:type": {"$": "provone:Execution", "type": "prov:QUALIFIED_NAME"}, "prov:label": "subset_rsdt_1", "roocs:time": "2015/2050", "roocs:time_components": "year:2015,2016,2017,2018,2019,2020,2021,2022,2023,2024,2025,2026,2027,2028,2029,2030,2031,2032,2033,2034,2035,2036,2037,2038,2039,2040,2041,2042,2043,2044,2045,2046,2047,2048,2049,2050", "roocs:area": "-59,-35,-53,-30", "roocs:apply_fixes": false}}, "wasAssociatedWith": {"_:id2": {"prov:activity": "roocs:orchestrate_086bf3cd-ddeb-4fa5-8416-9bcbc815e8a9", "prov:agent": "roocs:rook_v0.13.0", "prov:plan": "roocs:workflow_086bf3cd-ddeb-4fa5-8416-9bcbc815e8a9"}, "_:id3": {"prov:activity": "roocs:subset_rsdt_1_bb976236-ae59-4ad9-bba2-cfcebbc06639", "prov:agent": "roocs:daops_v0.10.0", "prov:plan": "roocs:workflow_086bf3cd-ddeb-4fa5-8416-9bcbc815e8a9"}}, "wasDerivedFrom": {"_:id4": {"prov:generatedEntity": "roocs:rsdt_Amon_CESM2_ssp245_r4i1p1f1_gn_20150115-20501215.nc", "prov:usedEntity": "roocs:c3s-cmip6.ScenarioMIP.NCAR.CESM2.ssp245.r4i1p1f1.Amon.rsdt.gn.v20200528", "prov:activity": "roocs:subset_rsdt_1_bb976236-ae59-4ad9-bba2-cfcebbc06639"}}}