{"prefix": {"roocs": "urn:roocs:", "provone": "http://purl.dataone.org/provone/2015/01/15/ontology#", "dcterms": "http://purl.org/dc/terms/"}, "agent": {"roocs:C3S_CDS": {"prov:type": {"$": "prov:Organization", "type": "prov:QUALIFIED_NAME"}, "prov:label": "Copernicus Climate Data Store", "dcterms:source": "https://cds.climate.copernicus.eu"}, "roocs:rook_v0.13.0": {"prov:type": {"$": "prov:SoftwareAgent", "type": "prov:QUALIFIED_NAME"}, "prov:label": "Rook", "dcterms:source": "https://github.com/roocs/rook/releases/tag/v0.13.0"}, "roocs:daops_v0.10.0": {"prov:type": {"$": "prov:SoftwareAgent", "type": "prov:QUALIFIED_NAME"}, "prov:label": "DAOPS", "dcterms:source": "https://github.com/roocs/daops/releases/tag/v0.10.0"}}, "wasAttributedTo": {"_:id1": {"prov:entity": "roocs:rook_v0.13.0", "prov:agent": "roocs:C3S_CDS"}}, "entity": {"roocs:workflow_018da3e7-7a58-4f50-82de-fd5c2b2b6563": {"prov:type": {"$": "provone:Workflow", "type": "prov:QUALIFIED_NAME"}}, "roocs:c3s-cmip6.CMIP.CNRM-CERFACS.CNRM-CM6-1-HR.historical.r1i1p1f2.day.huss.gr.v20191021": {"prov:type": {"$": "provone:Data", "type": "prov:QUALIFIED_NAME"}, "prov:label": "c3s-cmip6.CMIP.CNRM-CERFACS.CNRM-CM6-1-HR.historical.r1i1p1f2.day.huss.gr.v20191021"}, "roocs:huss_day_CNRM-CM6-1-HR_historical_r1i1p1f2_gr_20000101-20141231.nc": {"prov:type": {"$": "provone:Data", "type": "prov:QUALIFIED_NAME"}, "prov:label": "huss_day_CNRM-CM6-1-HR_historical_r1i1p1f2_gr_20000101-20141231.nc"}}, "activity": {"roocs:orchestrate_018da3e7-7a58-4f50-82de-fd5c2b2b6563": {"prov:type": {"$": "provone:Execution", "type": "prov:QUALIFIED_NAME"}, "prov:label": "orchestrate", "prov:startTime": "2024-05-07T15:58:56", "prov:endTime": "2024-05-07T16:00:13"}, "roocs:subset_huss_1_728ed73d-62c8-4dab-9416-241584ed9939": {"prov:type": {"$": "provone:Execution", "type": "prov:QUALIFIED_NAME"}, "prov:label": "subset_huss_1", "roocs:time": "2000/2014", "roocs:time_components": "year:2000,2001,2002,2003,2004,2005,2006,2007,2008,2009,2010,2011,2012,2013,2014", "roocs:area": "-59,-35,-53,-30", "roocs:apply_fixes": false}}, "wasAssociatedWith": {"_:id2": {"prov:activity": "roocs:orchestrate_018da3e7-7a58-4f50-82de-fd5c2b2b6563", "prov:agent": "roocs:rook_v0.13.0", "prov:plan": "roocs:workflow_018da3e7-7a58-4f50-82de-fd5c2b2b6563"}, "_:id3": {"prov:activity": "roocs:subset_huss_1_728ed73d-62c8-4dab-9416-241584ed9939", "prov:agent": "roocs:daops_v0.10.0", "prov:plan": "roocs:workflow_018da3e7-7a58-4f50-82de-fd5c2b2b6563"}}, "wasDerivedFrom": {"_:id4": {"prov:generatedEntity": "roocs:huss_day_CNRM-CM6-1-HR_historical_r1i1p1f2_gr_20000101-20141231.nc", "prov:usedEntity": "roocs:c3s-cmip6.CMIP.CNRM-CERFACS.CNRM-CM6-1-HR.historical.r1i1p1f2.day.huss.gr.v20191021", "prov:activity": "roocs:subset_huss_1_728ed73d-62c8-4dab-9416-241584ed9939"}}}