{"prefix": {"roocs": "urn:roocs:", "provone": "http://purl.dataone.org/provone/2015/01/15/ontology#", "dcterms": "http://purl.org/dc/terms/"}, "agent": {"roocs:C3S_CDS": {"prov:type": {"$": "prov:Organization", "type": "prov:QUALIFIED_NAME"}, "prov:label": "Copernicus Climate Data Store", "dcterms:source": "https://cds.climate.copernicus.eu"}, "roocs:rook_v0.13.0": {"prov:type": {"$": "prov:SoftwareAgent", "type": "prov:QUALIFIED_NAME"}, "prov:label": "Rook", "dcterms:source": "https://github.com/roocs/rook/releases/tag/v0.13.0"}, "roocs:daops_v0.10.0": {"prov:type": {"$": "prov:SoftwareAgent", "type": "prov:QUALIFIED_NAME"}, "prov:label": "DAOPS", "dcterms:source": "https://github.com/roocs/daops/releases/tag/v0.10.0"}}, "wasAttributedTo": {"_:id1": {"prov:entity": "roocs:rook_v0.13.0", "prov:agent": "roocs:C3S_CDS"}}, "entity": {"roocs:workflow_109ca365-19cc-4d04-b1fb-bbf82e667d4b": {"prov:type": {"$": "provone:Workflow", "type": "prov:QUALIFIED_NAME"}}, "roocs:c3s-cmip6.CMIP.NCAR.CESM2-WACCM.historical.r1i1p1f1.day.pr.gn.v20190415": {"prov:type": {"$": "provone:Data", "type": "prov:QUALIFIED_NAME"}, "prov:label": "c3s-cmip6.CMIP.NCAR.CESM2-WACCM.historical.r1i1p1f1.day.pr.gn.v20190415"}, "roocs:pr_day_CESM2-WACCM_historical_r1i1p1f1_gn_20000101-20141231.nc": {"prov:type": {"$": "provone:Data", "type": "prov:QUALIFIED_NAME"}, "prov:label": "pr_day_CESM2-WACCM_historical_r1i1p1f1_gn_20000101-20141231.nc"}}, "activity": {"roocs:orchestrate_109ca365-19cc-4d04-b1fb-bbf82e667d4b": {"prov:type": {"$": "provone:Execution", "type": "prov:QUALIFIED_NAME"}, "prov:label": "orchestrate", "prov:startTime": "2024-05-07T15:49:16", "prov:endTime": "2024-05-07T15:49:48"}, "roocs:subset_pr_1_0ff166b8-06bc-4704-a34b-4b006436f0ef": {"prov:type": {"$": "provone:Execution", "type": "prov:QUALIFIED_NAME"}, "prov:label": "subset_pr_1", "roocs:time": "2000/2014", "roocs:time_components": "year:2000,2001,2002,2003,2004,2005,2006,2007,2008,2009,2010,2011,2012,2013,2014", "roocs:area": "-59,-35,-53,-30", "roocs:apply_fixes": false}}, "wasAssociatedWith": {"_:id2": {"prov:activity": "roocs:orchestrate_109ca365-19cc-4d04-b1fb-bbf82e667d4b", "prov:agent": "roocs:rook_v0.13.0", "prov:plan": "roocs:workflow_109ca365-19cc-4d04-b1fb-bbf82e667d4b"}, "_:id3": {"prov:activity": "roocs:subset_pr_1_0ff166b8-06bc-4704-a34b-4b006436f0ef", "prov:agent": "roocs:daops_v0.10.0", "prov:plan": "roocs:workflow_109ca365-19cc-4d04-b1fb-bbf82e667d4b"}}, "wasDerivedFrom": {"_:id4": {"prov:generatedEntity": "roocs:pr_day_CESM2-WACCM_historical_r1i1p1f1_gn_20000101-20141231.nc", "prov:usedEntity": "roocs:c3s-cmip6.CMIP.NCAR.CESM2-WACCM.historical.r1i1p1f1.day.pr.gn.v20190415", "prov:activity": "roocs:subset_pr_1_0ff166b8-06bc-4704-a34b-4b006436f0ef"}}}